<?xml version="1.0" encoding="UTF-8"?>
<root>
  <item name="com.payu.custombrowser.bean.CustomBrowserConfig void setEnableReviewOrder(int) 0">
    <annotation name="android.support.annotation.IntDef">
      <val name="value" val="{com.payu.custombrowser.bean.CustomBrowserConfig.ENABLE, com.payu.custombrowser.bean.CustomBrowserConfig.DISABLE}" />
    </annotation>
  </item>
  <item name="com.payu.custombrowser.bean.CustomBrowserConfig void setStoreOneClickHash(int) 0">
    <annotation name="android.support.annotation.IntDef">
      <val name="value" val="{com.payu.custombrowser.bean.CustomBrowserConfig.STOREONECLICKHASH_MODE_NONE, com.payu.custombrowser.bean.CustomBrowserConfig.STOREONECLICKHASH_MODE_SERVER}" />
    </annotation>
  </item>
  <item name="com.payu.custombrowser.bean.CustomBrowserConfig void setSurePayMode(int) 0">
    <annotation name="android.support.annotation.IntDef">
      <val name="value" val="{com.payu.custombrowser.bean.CustomBrowserConfig.WARN_MODE, com.payu.custombrowser.bean.CustomBrowserConfig.FAIL_MODE}" />
    </annotation>
  </item>
  <item name="com.payu.custombrowser.bean.CustomBrowserConfig.ReviewOrder">
    <annotation name="android.support.annotation.IntDef">
      <val name="value" val="{com.payu.custombrowser.bean.CustomBrowserConfig.ENABLE, com.payu.custombrowser.bean.CustomBrowserConfig.DISABLE}" />
    </annotation>
  </item>
  <item name="com.payu.custombrowser.bean.CustomBrowserConfig.SnoozeMode">
    <annotation name="android.support.annotation.IntDef">
      <val name="value" val="{com.payu.custombrowser.bean.CustomBrowserConfig.WARN_MODE, com.payu.custombrowser.bean.CustomBrowserConfig.FAIL_MODE}" />
    </annotation>
  </item>
  <item name="com.payu.custombrowser.bean.CustomBrowserConfig.StoreOneClickHashMode">
    <annotation name="android.support.annotation.IntDef">
      <val name="value" val="{com.payu.custombrowser.bean.CustomBrowserConfig.STOREONECLICKHASH_MODE_NONE, com.payu.custombrowser.bean.CustomBrowserConfig.STOREONECLICKHASH_MODE_SERVER}" />
    </annotation>
  </item>
</root>

