<?xml version="1.0" encoding="UTF-8"?>
<root>
  <item name="com.payumoney.graphics.helpers.NetworkManager com.payumoney.graphics.helpers.NetworkManager getInstance(android.content.Context, java.lang.String, java.lang.String) 1">
    <annotation name="android.support.annotation.StringDef">
      <val name="value" val="{com.payumoney.graphics.AssetsHelper.SDK_TYPE.CORE_SDK, com.payumoney.graphics.AssetsHelper.SDK_TYPE.FLASH_SDK, com.payumoney.graphics.AssetsHelper.SDK_TYPE.PLUG_N_PLAY}" />
    </annotation>
  </item>
  <item name="com.payumoney.graphics.helpers.NetworkManager sdkType">
    <annotation name="android.support.annotation.StringDef">
      <val name="value" val="{com.payumoney.graphics.AssetsHelper.SDK_TYPE.CORE_SDK, com.payumoney.graphics.AssetsHelper.SDK_TYPE.FLASH_SDK, com.payumoney.graphics.AssetsHelper.SDK_TYPE.PLUG_N_PLAY}" />
    </annotation>
  </item>
  <item name="com.payumoney.graphics.helpers.Utils java.lang.String getMasterPassURL(java.lang.String, com.payumoney.graphics.enums.ScreenDensity) 0">
    <annotation name="android.support.annotation.StringDef">
      <val name="value" val="{com.payumoney.graphics.AssetsHelper.MASTERPASS.BUTTON, com.payumoney.graphics.AssetsHelper.MASTERPASS.COLORBG, com.payumoney.graphics.AssetsHelper.MASTERPASS.GRAYBG}" />
    </annotation>
  </item>
</root>

