<?xml version="1.0" encoding="UTF-8"?>
<root>
  <item name="com.payumoney.graphics.AssetDownloadManager sdkType">
    <annotation name="android.support.annotation.StringDef">
      <val name="value" val="{com.payumoney.graphics.AssetsHelper.SDK_TYPE.CORE_SDK, com.payumoney.graphics.AssetsHelper.SDK_TYPE.FLASH_SDK, com.payumoney.graphics.AssetsHelper.SDK_TYPE.PLUG_N_PLAY}" />
    </annotation>
  </item>
  <item name="com.payumoney.graphics.AssetDownloadManager void getBrandingBitmap(java.lang.String, com.payumoney.graphics.BitmapCallBack) 0">
    <annotation name="android.support.annotation.StringDef">
      <val name="value" val="{com.payumoney.graphics.AssetsHelper.BRANDING.WALLET_LOGO, com.payumoney.graphics.AssetsHelper.BRANDING.CITRUS_LOGO, com.payumoney.graphics.AssetsHelper.BRANDING.BRANDING_FOOTER, com.payumoney.graphics.AssetsHelper.BRANDING.BRANDING_WALLET_FOOTER}" />
    </annotation>
  </item>
  <item name="com.payumoney.graphics.AssetDownloadManager void getCardBitmap(java.lang.String, com.payumoney.graphics.BitmapCallBack) 0">
    <annotation name="android.support.annotation.StringDef">
      <val name="value" val="{com.payumoney.graphics.AssetsHelper.CARD.AMEX, com.payumoney.graphics.AssetsHelper.CARD.MCRD, com.payumoney.graphics.AssetsHelper.CARD.DISCOVER, com.payumoney.graphics.AssetsHelper.CARD.RUPAY, com.payumoney.graphics.AssetsHelper.CARD.MAESTRO, com.payumoney.graphics.AssetsHelper.CARD.DINERCLUB, com.payumoney.graphics.AssetsHelper.CARD.VISA, com.payumoney.graphics.AssetsHelper.CARD.CIRRUS, com.payumoney.graphics.AssetsHelper.CARD.JCB, com.payumoney.graphics.AssetsHelper.CARD.UNKNOWN, com.payumoney.graphics.AssetsHelper.CARD.DEFAULT}" />
    </annotation>
  </item>
  <item name="com.payumoney.graphics.AssetDownloadManager void getLargeBankBitmap(java.lang.String, com.payumoney.graphics.BitmapCallBack) 0">
    <annotation name="android.support.annotation.StringDef">
      <val name="value" val="{com.payumoney.graphics.AssetsHelper.LARGEBANK.ICICI, com.payumoney.graphics.AssetsHelper.LARGEBANK.HDFC, com.payumoney.graphics.AssetsHelper.LARGEBANK.KOTAK, com.payumoney.graphics.AssetsHelper.LARGEBANK.AXIS, com.payumoney.graphics.AssetsHelper.LARGEBANK.CITI, com.payumoney.graphics.AssetsHelper.LARGEBANK.SBI, com.payumoney.graphics.AssetsHelper.LARGEBANK.DEFAULT}" />
    </annotation>
  </item>
  <item name="com.payumoney.graphics.AssetDownloadManager void getLargeCardBitmap(java.lang.String, com.payumoney.graphics.BitmapCallBack) 0">
    <annotation name="android.support.annotation.StringDef">
      <val name="value" val="{com.payumoney.graphics.AssetsHelper.LARGECARD.VISA, com.payumoney.graphics.AssetsHelper.LARGECARD.MCRD}" />
    </annotation>
  </item>
  <item name="com.payumoney.graphics.AssetDownloadManager void getMasterPassBitmap(java.lang.String, com.payumoney.graphics.BitmapCallBack) 0">
    <annotation name="android.support.annotation.StringDef">
      <val name="value" val="{com.payumoney.graphics.AssetsHelper.MASTERPASS.BUTTON, com.payumoney.graphics.AssetsHelper.MASTERPASS.COLORBG, com.payumoney.graphics.AssetsHelper.MASTERPASS.GRAYBG}" />
    </annotation>
  </item>
  <item name="com.payumoney.graphics.AssetDownloadManager void init(android.content.Context, java.lang.String) 1">
    <annotation name="android.support.annotation.StringDef">
      <val name="value" val="{com.payumoney.graphics.AssetsHelper.SDK_TYPE.CORE_SDK, com.payumoney.graphics.AssetsHelper.SDK_TYPE.FLASH_SDK, com.payumoney.graphics.AssetsHelper.SDK_TYPE.PLUG_N_PLAY}" />
    </annotation>
  </item>
  <item name="com.payumoney.graphics.AssetDownloadManager void init(android.content.Context, java.lang.String, java.lang.String) 1">
    <annotation name="android.support.annotation.StringDef">
      <val name="value" val="{com.payumoney.graphics.AssetsHelper.SDK_TYPE.CORE_SDK, com.payumoney.graphics.AssetsHelper.SDK_TYPE.FLASH_SDK, com.payumoney.graphics.AssetsHelper.SDK_TYPE.PLUG_N_PLAY}" />
    </annotation>
  </item>
  <item name="com.payumoney.graphics.AssetDownloadManager void init(android.content.Context, java.lang.String, java.lang.String) 2">
    <annotation name="android.support.annotation.StringDef">
      <val name="value" val="{com.payumoney.graphics.AssetDownloadManager.Environment.SANDBOX, com.payumoney.graphics.AssetDownloadManager.Environment.PRODUCTION}" />
    </annotation>
  </item>
  <item name="com.payumoney.graphics.AssetDownloadManager void setEnvironment(java.lang.String) 0">
    <annotation name="android.support.annotation.StringDef">
      <val name="value" val="{com.payumoney.graphics.AssetDownloadManager.Environment.SANDBOX, com.payumoney.graphics.AssetDownloadManager.Environment.PRODUCTION}" />
    </annotation>
  </item>
  <item name="com.payumoney.graphics.AssetDownloadManager.Environment">
    <annotation name="android.support.annotation.StringDef">
      <val name="value" val="{com.payumoney.graphics.AssetDownloadManager.Environment.SANDBOX, com.payumoney.graphics.AssetDownloadManager.Environment.PRODUCTION}" />
    </annotation>
  </item>
  <item name="com.payumoney.graphics.AssetsHelper java.lang.String getCard(java.lang.String)">
    <annotation name="android.support.annotation.StringDef">
      <val name="value" val="{com.payumoney.graphics.AssetsHelper.CARD.AMEX, com.payumoney.graphics.AssetsHelper.CARD.MCRD, com.payumoney.graphics.AssetsHelper.CARD.DISCOVER, com.payumoney.graphics.AssetsHelper.CARD.RUPAY, com.payumoney.graphics.AssetsHelper.CARD.MAESTRO, com.payumoney.graphics.AssetsHelper.CARD.DINERCLUB, com.payumoney.graphics.AssetsHelper.CARD.VISA, com.payumoney.graphics.AssetsHelper.CARD.CIRRUS, com.payumoney.graphics.AssetsHelper.CARD.JCB, com.payumoney.graphics.AssetsHelper.CARD.UNKNOWN, com.payumoney.graphics.AssetsHelper.CARD.DEFAULT}" />
    </annotation>
  </item>
  <item name="com.payumoney.graphics.AssetsHelper.BRANDING">
    <annotation name="android.support.annotation.StringDef">
      <val name="value" val="{com.payumoney.graphics.AssetsHelper.BRANDING.WALLET_LOGO, com.payumoney.graphics.AssetsHelper.BRANDING.CITRUS_LOGO, com.payumoney.graphics.AssetsHelper.BRANDING.BRANDING_FOOTER, com.payumoney.graphics.AssetsHelper.BRANDING.BRANDING_WALLET_FOOTER}" />
    </annotation>
  </item>
  <item name="com.payumoney.graphics.AssetsHelper.CARD">
    <annotation name="android.support.annotation.StringDef">
      <val name="value" val="{com.payumoney.graphics.AssetsHelper.CARD.AMEX, com.payumoney.graphics.AssetsHelper.CARD.MCRD, com.payumoney.graphics.AssetsHelper.CARD.DISCOVER, com.payumoney.graphics.AssetsHelper.CARD.RUPAY, com.payumoney.graphics.AssetsHelper.CARD.MAESTRO, com.payumoney.graphics.AssetsHelper.CARD.DINERCLUB, com.payumoney.graphics.AssetsHelper.CARD.VISA, com.payumoney.graphics.AssetsHelper.CARD.CIRRUS, com.payumoney.graphics.AssetsHelper.CARD.JCB, com.payumoney.graphics.AssetsHelper.CARD.UNKNOWN, com.payumoney.graphics.AssetsHelper.CARD.DEFAULT}" />
    </annotation>
  </item>
  <item name="com.payumoney.graphics.AssetsHelper.LARGEBANK">
    <annotation name="android.support.annotation.StringDef">
      <val name="value" val="{com.payumoney.graphics.AssetsHelper.LARGEBANK.ICICI, com.payumoney.graphics.AssetsHelper.LARGEBANK.HDFC, com.payumoney.graphics.AssetsHelper.LARGEBANK.KOTAK, com.payumoney.graphics.AssetsHelper.LARGEBANK.AXIS, com.payumoney.graphics.AssetsHelper.LARGEBANK.CITI, com.payumoney.graphics.AssetsHelper.LARGEBANK.SBI, com.payumoney.graphics.AssetsHelper.LARGEBANK.DEFAULT}" />
    </annotation>
  </item>
  <item name="com.payumoney.graphics.AssetsHelper.LARGECARD">
    <annotation name="android.support.annotation.StringDef">
      <val name="value" val="{com.payumoney.graphics.AssetsHelper.LARGECARD.VISA, com.payumoney.graphics.AssetsHelper.LARGECARD.MCRD}" />
    </annotation>
  </item>
  <item name="com.payumoney.graphics.AssetsHelper.MASTERPASS">
    <annotation name="android.support.annotation.StringDef">
      <val name="value" val="{com.payumoney.graphics.AssetsHelper.MASTERPASS.BUTTON, com.payumoney.graphics.AssetsHelper.MASTERPASS.COLORBG, com.payumoney.graphics.AssetsHelper.MASTERPASS.GRAYBG}" />
    </annotation>
  </item>
  <item name="com.payumoney.graphics.AssetsHelper.SDK_TYPE">
    <annotation name="android.support.annotation.StringDef">
      <val name="value" val="{com.payumoney.graphics.AssetsHelper.SDK_TYPE.CORE_SDK, com.payumoney.graphics.AssetsHelper.SDK_TYPE.FLASH_SDK, com.payumoney.graphics.AssetsHelper.SDK_TYPE.PLUG_N_PLAY}" />
    </annotation>
  </item>
  <item name="com.payumoney.graphics.AssetsHelper.ScreenDensity">
    <annotation name="android.support.annotation.StringDef">
      <val name="value" val="{com.payumoney.graphics.AssetsHelper.ScreenDensity.XHDPI, com.payumoney.graphics.AssetsHelper.ScreenDensity.HDPI, com.payumoney.graphics.AssetsHelper.ScreenDensity.XXHDPI}" />
    </annotation>
  </item>
</root>

